{"pages":["PTSans-Bold.png"],"chars":[{"id":106,"index":77,"char":"j","width":14,"height":43,"xoffset":-3,"yoffset":15,"xadvance":11,"chnl":15,"x":0,"y":0,"page":0},{"id":81,"index":52,"char":"Q","width":32,"height":43,"xoffset":0,"yoffset":15,"xadvance":28,"chnl":15,"x":0,"y":44,"page":0},{"id":1092,"index":381,"char":"ф","width":31,"height":42,"xoffset":-1,"yoffset":16,"xadvance":29,"chnl":15,"x":15,"y":0,"page":0},{"id":1049,"index":338,"char":"Й","width":27,"height":41,"xoffset":1,"yoffset":8,"xadvance":28,"chnl":15,"x":0,"y":88,"page":0},{"id":87,"index":58,"char":"W","width":40,"height":34,"xoffset":-2,"yoffset":16,"xadvance":36,"chnl":15,"x":0,"y":130,"page":0},{"id":1025,"index":315,"char":"Ё","width":22,"height":40,"xoffset":1,"yoffset":9,"xadvance":22,"chnl":15,"x":28,"y":88,"page":0},{"id":1046,"index":335,"char":"Ж","width":40,"height":33,"xoffset":-2,"yoffset":16,"xadvance":35,"chnl":15,"x":33,"y":43,"page":0},{"id":1044,"index":333,"char":"Д","width":32,"height":39,"xoffset":-2,"yoffset":16,"xadvance":29,"chnl":15,"x":47,"y":0,"page":0},{"id":1062,"index":351,"char":"Ц","width":29,"height":39,"xoffset":1,"yoffset":16,"xadvance":29,"chnl":15,"x":0,"y":165,"page":0},{"id":1065,"index":354,"char":"Щ","width":39,"height":39,"xoffset":1,"yoffset":16,"xadvance":38,"chnl":15,"x":0,"y":205,"page":0},{"id":1070,"index":359,"char":"Ю","width":38,"height":35,"xoffset":1,"yoffset":15,"xadvance":38,"chnl":15,"x":30,"y":165,"page":0},{"id":1060,"index":349,"char":"Ф","width":36,"height":35,"xoffset":-1,"yoffset":15,"xadvance":34,"chnl":15,"x":41,"y":129,"page":0},{"id":119,"index":90,"char":"w","width":35,"height":25,"xoffset":-2,"yoffset":24,"xadvance":30,"chnl":15,"x":51,"y":77,"page":0},{"id":67,"index":38,"char":"C","width":25,"height":35,"xoffset":0,"yoffset":15,"xadvance":23,"chnl":15,"x":74,"y":40,"page":0},{"id":71,"index":42,"char":"G","width":26,"height":35,"xoffset":0,"yoffset":15,"xadvance":26,"chnl":15,"x":80,"y":0,"page":0},{"id":79,"index":50,"char":"O","width":29,"height":35,"xoffset":0,"yoffset":15,"xadvance":28,"chnl":15,"x":0,"y":245,"page":0},{"id":83,"index":54,"char":"S","width":24,"height":35,"xoffset":-1,"yoffset":15,"xadvance":22,"chnl":15,"x":0,"y":281,"page":0},{"id":1073,"index":362,"char":"б","width":24,"height":35,"xoffset":-1,"yoffset":14,"xadvance":23,"chnl":15,"x":0,"y":317,"page":0},{"id":1054,"index":343,"char":"О","width":29,"height":35,"xoffset":0,"yoffset":15,"xadvance":28,"chnl":15,"x":0,"y":353,"page":0},{"id":1057,"index":346,"char":"С","width":25,"height":35,"xoffset":0,"yoffset":15,"xadvance":23,"chnl":15,"x":25,"y":281,"page":0},{"id":1064,"index":353,"char":"Ш","width":35,"height":33,"xoffset":1,"yoffset":16,"xadvance":36,"chnl":15,"x":30,"y":245,"page":0},{"id":1069,"index":358,"char":"Э","width":26,"height":35,"xoffset":-1,"yoffset":15,"xadvance":24,"chnl":15,"x":25,"y":317,"page":0},{"id":54,"index":25,"char":"6","width":24,"height":35,"xoffset":0,"yoffset":15,"xadvance":24,"chnl":15,"x":51,"y":279,"page":0},{"id":56,"index":27,"char":"8","width":23,"height":35,"xoffset":1,"yoffset":15,"xadvance":24,"chnl":15,"x":40,"y":201,"page":0},{"id":57,"index":28,"char":"9","width":24,"height":35,"xoffset":0,"yoffset":15,"xadvance":24,"chnl":15,"x":64,"y":201,"page":0},{"id":48,"index":19,"char":"0","width":24,"height":35,"xoffset":0,"yoffset":15,"xadvance":24,"chnl":15,"x":69,"y":165,"page":0},{"id":98,"index":69,"char":"b","width":23,"height":34,"xoffset":0,"yoffset":16,"xadvance":23,"chnl":15,"x":66,"y":237,"page":0},{"id":100,"index":71,"char":"d","width":23,"height":34,"xoffset":-1,"yoffset":16,"xadvance":23,"chnl":15,"x":89,"y":201,"page":0},{"id":102,"index":73,"char":"f","width":19,"height":34,"xoffset":-2,"yoffset":15,"xadvance":13,"chnl":15,"x":78,"y":103,"page":0},{"id":103,"index":74,"char":"g","width":23,"height":34,"xoffset":-1,"yoffset":23,"xadvance":23,"chnl":15,"x":94,"y":138,"page":0},{"id":105,"index":76,"char":"i","width":11,"height":34,"xoffset":0,"yoffset":15,"xadvance":11,"chnl":15,"x":98,"y":76,"page":0},{"id":108,"index":79,"char":"l","width":14,"height":34,"xoffset":1,"yoffset":16,"xadvance":12,"chnl":15,"x":100,"y":36,"page":0},{"id":112,"index":83,"char":"p","width":23,"height":34,"xoffset":0,"yoffset":23,"xadvance":23,"chnl":15,"x":107,"y":0,"page":0},{"id":113,"index":84,"char":"q","width":23,"height":34,"xoffset":-1,"yoffset":23,"xadvance":23,"chnl":15,"x":110,"y":71,"page":0},{"id":121,"index":92,"char":"y","width":25,"height":34,"xoffset":-2,"yoffset":24,"xadvance":20,"chnl":15,"x":115,"y":35,"page":0},{"id":65,"index":36,"char":"A","width":29,"height":34,"xoffset":-2,"yoffset":15,"xadvance":25,"chnl":15,"x":131,"y":0,"page":0},{"id":66,"index":37,"char":"B","width":25,"height":34,"xoffset":1,"yoffset":15,"xadvance":25,"chnl":15,"x":0,"y":389,"page":0},{"id":68,"index":39,"char":"D","width":27,"height":34,"xoffset":1,"yoffset":15,"xadvance":27,"chnl":15,"x":0,"y":424,"page":0},{"id":74,"index":45,"char":"J","width":16,"height":34,"xoffset":-3,"yoffset":16,"xadvance":14,"chnl":15,"x":26,"y":389,"page":0},{"id":78,"index":49,"char":"N","width":27,"height":34,"xoffset":1,"yoffset":15,"xadvance":28,"chnl":15,"x":30,"y":353,"page":0},{"id":80,"index":51,"char":"P","width":24,"height":34,"xoffset":1,"yoffset":15,"xadvance":24,"chnl":15,"x":52,"y":315,"page":0},{"id":82,"index":53,"char":"R","width":26,"height":34,"xoffset":1,"yoffset":15,"xadvance":25,"chnl":15,"x":76,"y":272,"page":0},{"id":85,"index":56,"char":"U","width":26,"height":34,"xoffset":0,"yoffset":16,"xadvance":26,"chnl":15,"x":90,"y":236,"page":0},{"id":86,"index":57,"char":"V","width":30,"height":34,"xoffset":-2,"yoffset":16,"xadvance":25,"chnl":15,"x":0,"y":459,"page":0},{"id":1105,"index":393,"char":"ё","width":22,"height":34,"xoffset":-1,"yoffset":16,"xadvance":21,"chnl":15,"x":28,"y":424,"page":0},{"id":1078,"index":367,"char":"ж","width":34,"height":25,"xoffset":-2,"yoffset":24,"xadvance":29,"chnl":15,"x":98,"y":111,"page":0},{"id":1081,"index":370,"char":"й","width":22,"height":34,"xoffset":0,"yoffset":15,"xadvance":23,"chnl":15,"x":43,"y":388,"page":0},{"id":1088,"index":377,"char":"р","width":23,"height":34,"xoffset":0,"yoffset":23,"xadvance":23,"chnl":15,"x":58,"y":350,"page":0},{"id":1091,"index":380,"char":"у","width":25,"height":34,"xoffset":-2,"yoffset":24,"xadvance":20,"chnl":15,"x":77,"y":307,"page":0},{"id":1097,"index":386,"char":"щ","width":34,"height":30,"xoffset":0,"yoffset":24,"xadvance":33,"chnl":15,"x":31,"y":459,"page":0},{"id":1040,"index":329,"char":"А","width":29,"height":34,"xoffset":-2,"yoffset":15,"xadvance":25,"chnl":15,"x":51,"y":423,"page":0},{"id":1041,"index":330,"char":"Б","width":24,"height":34,"xoffset":1,"yoffset":16,"xadvance":24,"chnl":15,"x":66,"y":385,"page":0},{"id":1042,"index":331,"char":"В","width":25,"height":34,"xoffset":1,"yoffset":15,"xadvance":25,"chnl":15,"x":82,"y":342,"page":0},{"id":1047,"index":336,"char":"З","width":24,"height":34,"xoffset":-1,"yoffset":15,"xadvance":22,"chnl":15,"x":66,"y":458,"page":0},{"id":1051,"index":340,"char":"Л","width":28,"height":34,"xoffset":-3,"yoffset":16,"xadvance":26,"chnl":15,"x":81,"y":420,"page":0},{"id":1056,"index":345,"char":"Р","width":24,"height":34,"xoffset":1,"yoffset":15,"xadvance":24,"chnl":15,"x":91,"y":377,"page":0},{"id":1059,"index":348,"char":"У","width":29,"height":34,"xoffset":-2,"yoffset":16,"xadvance":24,"chnl":15,"x":91,"y":455,"page":0},{"id":1066,"index":355,"char":"Ъ","width":31,"height":34,"xoffset":-2,"yoffset":16,"xadvance":28,"chnl":15,"x":110,"y":412,"page":0},{"id":1067,"index":356,"char":"Ы","width":32,"height":34,"xoffset":1,"yoffset":16,"xadvance":34,"chnl":15,"x":113,"y":173,"page":0},{"id":1068,"index":357,"char":"Ь","width":24,"height":34,"xoffset":1,"yoffset":16,"xadvance":24,"chnl":15,"x":118,"y":137,"page":0},{"id":1071,"index":360,"char":"Я","width":26,"height":34,"xoffset":-2,"yoffset":15,"xadvance":24,"chnl":15,"x":121,"y":447,"page":0},{"id":49,"index":20,"char":"1","width":22,"height":34,"xoffset":1,"yoffset":15,"xadvance":24,"chnl":15,"x":134,"y":70,"page":0},{"id":50,"index":21,"char":"2","width":22,"height":34,"xoffset":1,"yoffset":15,"xadvance":24,"chnl":15,"x":141,"y":35,"page":0},{"id":51,"index":22,"char":"3","width":22,"height":34,"xoffset":1,"yoffset":16,"xadvance":24,"chnl":15,"x":161,"y":0,"page":0},{"id":52,"index":23,"char":"4","width":26,"height":34,"xoffset":-1,"yoffset":15,"xadvance":24,"chnl":15,"x":143,"y":105,"page":0},{"id":53,"index":24,"char":"5","width":22,"height":34,"xoffset":1,"yoffset":16,"xadvance":24,"chnl":15,"x":157,"y":70,"page":0},{"id":63,"index":34,"char":"?","width":21,"height":34,"xoffset":-1,"yoffset":15,"xadvance":19,"chnl":15,"x":164,"y":35,"page":0},{"id":33,"index":4,"char":"!","width":11,"height":34,"xoffset":2,"yoffset":16,"xadvance":12,"chnl":15,"x":184,"y":0,"page":0},{"id":104,"index":75,"char":"h","width":22,"height":33,"xoffset":0,"yoffset":16,"xadvance":23,"chnl":15,"x":103,"y":271,"page":0},{"id":107,"index":78,"char":"k","width":22,"height":33,"xoffset":0,"yoffset":16,"xadvance":21,"chnl":15,"x":103,"y":305,"page":0},{"id":109,"index":80,"char":"m","width":33,"height":26,"xoffset":0,"yoffset":23,"xadvance":34,"chnl":15,"x":113,"y":208,"page":0},{"id":69,"index":40,"char":"E","width":22,"height":33,"xoffset":1,"yoffset":16,"xadvance":22,"chnl":15,"x":117,"y":235,"page":0},{"id":70,"index":41,"char":"F","width":21,"height":33,"xoffset":1,"yoffset":16,"xadvance":21,"chnl":15,"x":108,"y":339,"page":0},{"id":72,"index":43,"char":"H","width":26,"height":33,"xoffset":1,"yoffset":16,"xadvance":27,"chnl":15,"x":116,"y":373,"page":0},{"id":73,"index":44,"char":"I","width":10,"height":33,"xoffset":1,"yoffset":16,"xadvance":12,"chnl":15,"x":142,"y":407,"page":0},{"id":75,"index":46,"char":"K","width":27,"height":33,"xoffset":1,"yoffset":16,"xadvance":26,"chnl":15,"x":146,"y":140,"page":0},{"id":76,"index":47,"char":"L","width":23,"height":33,"xoffset":1,"yoffset":16,"xadvance":22,"chnl":15,"x":146,"y":174,"page":0},{"id":77,"index":48,"char":"M","width":33,"height":33,"xoffset":1,"yoffset":16,"xadvance":34,"chnl":15,"x":170,"y":105,"page":0},{"id":84,"index":55,"char":"T","width":27,"height":33,"xoffset":-2,"yoffset":16,"xadvance":24,"chnl":15,"x":180,"y":70,"page":0},{"id":88,"index":59,"char":"X","width":30,"height":33,"xoffset":-2,"yoffset":16,"xadvance":27,"chnl":15,"x":186,"y":35,"page":0},{"id":89,"index":60,"char":"Y","width":29,"height":33,"xoffset":-2,"yoffset":16,"xadvance":25,"chnl":15,"x":196,"y":0,"page":0},{"id":90,"index":61,"char":"Z","width":24,"height":33,"xoffset":-1,"yoffset":16,"xadvance":23,"chnl":15,"x":126,"y":269,"page":0},{"id":1043,"index":332,"char":"Г","width":21,"height":33,"xoffset":1,"yoffset":16,"xadvance":19,"chnl":15,"x":140,"y":235,"page":0},{"id":1045,"index":334,"char":"Е","width":22,"height":33,"xoffset":1,"yoffset":16,"xadvance":22,"chnl":15,"x":126,"y":303,"page":0},{"id":1048,"index":337,"char":"И","width":27,"height":33,"xoffset":1,"yoffset":16,"xadvance":28,"chnl":15,"x":130,"y":337,"page":0},{"id":1050,"index":339,"char":"К","width":27,"height":33,"xoffset":1,"yoffset":16,"xadvance":26,"chnl":15,"x":149,"y":303,"page":0},{"id":1052,"index":341,"char":"М","width":33,"height":33,"xoffset":1,"yoffset":16,"xadvance":34,"chnl":15,"x":151,"y":269,"page":0},{"id":1053,"index":342,"char":"Н","width":26,"height":33,"xoffset":1,"yoffset":16,"xadvance":27,"chnl":15,"x":143,"y":371,"page":0},{"id":1055,"index":344,"char":"П","width":26,"height":33,"xoffset":1,"yoffset":16,"xadvance":27,"chnl":15,"x":158,"y":337,"page":0},{"id":1058,"index":347,"char":"Т","width":27,"height":33,"xoffset":-2,"yoffset":16,"xadvance":24,"chnl":15,"x":177,"y":303,"page":0},{"id":1061,"index":350,"char":"Х","width":30,"height":33,"xoffset":-2,"yoffset":16,"xadvance":27,"chnl":15,"x":162,"y":208,"page":0},{"id":1063,"index":352,"char":"Ч","width":25,"height":33,"xoffset":0,"yoffset":16,"xadvance":25,"chnl":15,"x":170,"y":174,"page":0},{"id":55,"index":26,"char":"7","width":23,"height":33,"xoffset":1,"yoffset":16,"xadvance":24,"chnl":15,"x":174,"y":139,"page":0},{"id":116,"index":87,"char":"t","width":18,"height":31,"xoffset":-2,"yoffset":18,"xadvance":15,"chnl":15,"x":185,"y":242,"page":0},{"id":1096,"index":385,"char":"ш","width":31,"height":25,"xoffset":0,"yoffset":24,"xadvance":32,"chnl":15,"x":185,"y":274,"page":0},{"id":1102,"index":391,"char":"ю","width":31,"height":26,"xoffset":0,"yoffset":23,"xadvance":31,"chnl":15,"x":121,"y":482,"page":0},{"id":1076,"index":365,"char":"д","width":27,"height":30,"xoffset":-2,"yoffset":24,"xadvance":24,"chnl":15,"x":193,"y":208,"page":0},{"id":1094,"index":383,"char":"ц","width":24,"height":30,"xoffset":0,"yoffset":24,"xadvance":23,"chnl":15,"x":196,"y":173,"page":0},{"id":1099,"index":388,"char":"ы","width":29,"height":25,"xoffset":0,"yoffset":24,"xadvance":30,"chnl":15,"x":198,"y":139,"page":0},{"id":1084,"index":373,"char":"м","width":27,"height":25,"xoffset":0,"yoffset":24,"xadvance":28,"chnl":15,"x":204,"y":239,"page":0},{"id":97,"index":68,"char":"a","width":22,"height":26,"xoffset":-1,"yoffset":24,"xadvance":21,"chnl":15,"x":162,"y":242,"page":0},{"id":99,"index":70,"char":"c","width":20,"height":26,"xoffset":-1,"yoffset":23,"xadvance":18,"chnl":15,"x":204,"y":104,"page":0},{"id":101,"index":72,"char":"e","width":22,"height":26,"xoffset":-1,"yoffset":23,"xadvance":21,"chnl":15,"x":208,"y":69,"page":0},{"id":110,"index":81,"char":"n","width":22,"height":26,"xoffset":0,"yoffset":23,"xadvance":23,"chnl":15,"x":217,"y":34,"page":0},{"id":111,"index":82,"char":"o","width":24,"height":26,"xoffset":-1,"yoffset":23,"xadvance":23,"chnl":15,"x":226,"y":0,"page":0},{"id":115,"index":86,"char":"s","width":19,"height":26,"xoffset":-1,"yoffset":23,"xadvance":18,"chnl":15,"x":148,"y":441,"page":0},{"id":117,"index":88,"char":"u","width":23,"height":26,"xoffset":0,"yoffset":24,"xadvance":23,"chnl":15,"x":153,"y":405,"page":0},{"id":1072,"index":361,"char":"а","width":22,"height":26,"xoffset":-1,"yoffset":24,"xadvance":21,"chnl":15,"x":170,"y":371,"page":0},{"id":1074,"index":363,"char":"в","width":21,"height":26,"xoffset":0,"yoffset":24,"xadvance":21,"chnl":15,"x":185,"y":337,"page":0},{"id":1077,"index":366,"char":"е","width":22,"height":26,"xoffset":-1,"yoffset":23,"xadvance":21,"chnl":15,"x":205,"y":300,"page":0},{"id":1079,"index":368,"char":"з","width":20,"height":26,"xoffset":-1,"yoffset":24,"xadvance":18,"chnl":15,"x":217,"y":265,"page":0},{"id":1086,"index":375,"char":"о","width":24,"height":26,"xoffset":-1,"yoffset":23,"xadvance":23,"chnl":15,"x":225,"y":96,"page":0},{"id":1089,"index":378,"char":"с","width":20,"height":26,"xoffset":-1,"yoffset":23,"xadvance":18,"chnl":15,"x":231,"y":61,"page":0},{"id":1098,"index":387,"char":"ъ","width":26,"height":25,"xoffset":-2,"yoffset":24,"xadvance":23,"chnl":15,"x":51,"y":103,"page":0},{"id":1101,"index":390,"char":"э","width":21,"height":26,"xoffset":-1,"yoffset":23,"xadvance":19,"chnl":15,"x":240,"y":27,"page":0},{"id":1103,"index":392,"char":"я","width":23,"height":26,"xoffset":-2,"yoffset":23,"xadvance":21,"chnl":15,"x":251,"y":0,"page":0},{"id":114,"index":85,"char":"r","width":16,"height":25,"xoffset":0,"yoffset":24,"xadvance":15,"chnl":15,"x":94,"y":173,"page":0},{"id":118,"index":89,"char":"v","width":25,"height":25,"xoffset":-3,"yoffset":24,"xadvance":20,"chnl":15,"x":153,"y":468,"page":0},{"id":120,"index":91,"char":"x","width":25,"height":25,"xoffset":-2,"yoffset":24,"xadvance":22,"chnl":15,"x":168,"y":432,"page":0},{"id":122,"index":93,"char":"z","width":20,"height":25,"xoffset":-1,"yoffset":24,"xadvance":19,"chnl":15,"x":177,"y":398,"page":0},{"id":1075,"index":364,"char":"г","width":18,"height":25,"xoffset":0,"yoffset":24,"xadvance":16,"chnl":15,"x":193,"y":364,"page":0},{"id":1080,"index":369,"char":"и","width":22,"height":25,"xoffset":0,"yoffset":24,"xadvance":23,"chnl":15,"x":207,"y":327,"page":0},{"id":1082,"index":371,"char":"к","width":22,"height":25,"xoffset":0,"yoffset":24,"xadvance":21,"chnl":15,"x":228,"y":292,"page":0},{"id":1083,"index":372,"char":"л","width":24,"height":25,"xoffset":-3,"yoffset":24,"xadvance":22,"chnl":15,"x":179,"y":458,"page":0},{"id":1085,"index":374,"char":"н","width":22,"height":25,"xoffset":0,"yoffset":24,"xadvance":23,"chnl":15,"x":179,"y":484,"page":0},{"id":1087,"index":376,"char":"п","width":22,"height":25,"xoffset":0,"yoffset":24,"xadvance":22,"chnl":15,"x":202,"y":484,"page":0},{"id":1090,"index":379,"char":"т","width":21,"height":25,"xoffset":-2,"yoffset":24,"xadvance":18,"chnl":15,"x":194,"y":424,"page":0},{"id":1093,"index":382,"char":"х","width":25,"height":25,"xoffset":-2,"yoffset":24,"xadvance":22,"chnl":15,"x":198,"y":390,"page":0},{"id":1095,"index":384,"char":"ч","width":21,"height":25,"xoffset":-1,"yoffset":24,"xadvance":21,"chnl":15,"x":204,"y":450,"page":0},{"id":1100,"index":389,"char":"ь","width":21,"height":25,"xoffset":0,"yoffset":24,"xadvance":21,"chnl":15,"x":216,"y":416,"page":0},{"id":44,"index":15,"char":",","width":11,"height":16,"xoffset":0,"yoffset":39,"xadvance":11,"chnl":15,"x":0,"y":494,"page":0},{"id":46,"index":17,"char":".","width":11,"height":10,"xoffset":0,"yoffset":39,"xadvance":10,"chnl":15,"x":33,"y":77,"page":0},{"id":32,"index":3,"char":" ","width":0,"height":0,"xoffset":-2,"yoffset":45,"xadvance":11,"chnl":15,"x":15,"y":43,"page":0}],"info":{"face":"PTSans-Bold","size":42,"bold":0,"italic":0,"charset":["a","b","c","d","e","f","g","h","i","j","k","l","m","n","o","p","q","r","s","t","u","v","w","x","y","z","A","B","C","D","E","F","G","H","I","J","K","L","M","N","O","P","Q","R","S","T","U","V","W","X","Y","Z","а","б","в","г","д","е","ё","ж","з","и","й","к","л","м","н","о","п","р","с","т","у","ф","х","ц","ч","ш","щ","ъ","ы","ь","э","ю","я","А","Б","В","Г","Д","Е","Ё","Ж","З","И","Й","К","Л","М","Н","О","П","Р","С","Т","У","Ф","Х","Ц","Ч","Ш","Щ","Ъ","Ы","Ь","Э","Ю","Я","1","2","3","4","5","6","7","8","9","0","?","!","."," ",","],"unicode":1,"stretchH":100,"smooth":1,"aa":1,"padding":[2,2,2,2],"spacing":[0,0]},"common":{"lineHeight":54,"base":45,"scaleW":512,"scaleH":512,"pages":1,"packed":0,"alphaChnl":0,"redChnl":0,"greenChnl":0,"blueChnl":0},"distanceField":{"fieldType":"msdf","distanceRange":4},"kernings":[{"first":97,"second":84,"amount":-5},{"first":98,"second":102,"amount":-1},{"first":98,"second":118,"amount":-1},{"first":98,"second":119,"amount":0},{"first":98,"second":120,"amount":-1},{"first":98,"second":121,"amount":-1},{"first":98,"second":122,"amount":0},{"first":98,"second":46,"amount":0},{"first":98,"second":44,"amount":0},{"first":99,"second":99,"amount":-1},{"first":99,"second":101,"amount":-1},{"first":99,"second":103,"amount":-1},{"first":99,"second":111,"amount":-1},{"first":99,"second":113,"amount":-1},{"first":99,"second":118,"amount":-1},{"first":99,"second":119,"amount":-1},{"first":99,"second":120,"amount":0},{"first":99,"second":121,"amount":-1},{"first":99,"second":122,"amount":0},{"first":99,"second":32,"amount":-1},{"first":101,"second":99,"amount":0},{"first":101,"second":101,"amount":0},{"first":101,"second":103,"amount":0},{"first":101,"second":111,"amount":0},{"first":101,"second":113,"amount":0},{"first":101,"second":118,"amount":-1},{"first":101,"second":119,"amount":0},{"first":101,"second":120,"amount":-1},{"first":101,"second":121,"amount":-1},{"first":101,"second":122,"amount":0},{"first":102,"second":99,"amount":0},{"first":102,"second":101,"amount":0},{"first":102,"second":103,"amount":0},{"first":102,"second":111,"amount":0},{"first":102,"second":113,"amount":0},{"first":102,"second":116,"amount":0},{"first":102,"second":118,"amount":-1},{"first":102,"second":119,"amount":0},{"first":102,"second":121,"amount":-1},{"first":102,"second":46,"amount":-1},{"first":102,"second":44,"amount":-1},{"first":107,"second":99,"amount":-1},{"first":107,"second":101,"amount":-1},{"first":107,"second":103,"amount":-1},{"first":107,"second":111,"amount":-1},{"first":107,"second":113,"amount":-1},{"first":107,"second":118,"amount":1},{"first":107,"second":120,"amount":0},{"first":107,"second":121,"amount":1},{"first":107,"second":32,"amount":-1},{"first":110,"second":84,"amount":-5},{"first":111,"second":102,"amount":-1},{"first":111,"second":118,"amount":-1},{"first":111,"second":119,"amount":0},{"first":111,"second":120,"amount":-1},{"first":111,"second":121,"amount":-1},{"first":111,"second":122,"amount":0},{"first":111,"second":46,"amount":0},{"first":111,"second":44,"amount":0},{"first":112,"second":102,"amount":-1},{"first":112,"second":118,"amount":-1},{"first":112,"second":119,"amount":0},{"first":112,"second":120,"amount":-1},{"first":112,"second":121,"amount":-1},{"first":112,"second":122,"amount":0},{"first":112,"second":46,"amount":0},{"first":112,"second":44,"amount":0},{"first":114,"second":116,"amount":1},{"first":114,"second":46,"amount":-3},{"first":114,"second":44,"amount":-3},{"first":116,"second":99,"amount":0},{"first":116,"second":101,"amount":0},{"first":116,"second":103,"amount":0},{"first":116,"second":111,"amount":0},{"first":116,"second":113,"amount":0},{"first":116,"second":116,"amount":0},{"first":116,"second":118,"amount":-1},{"first":116,"second":119,"amount":-1},{"first":116,"second":120,"amount":0},{"first":116,"second":121,"amount":-1},{"first":118,"second":99,"amount":0},{"first":118,"second":101,"amount":0},{"first":118,"second":103,"amount":0},{"first":118,"second":111,"amount":0},{"first":118,"second":113,"amount":0},{"first":118,"second":116,"amount":-1},{"first":118,"second":118,"amount":2},{"first":118,"second":119,"amount":1},{"first":118,"second":120,"amount":0},{"first":118,"second":121,"amount":2},{"first":118,"second":46,"amount":-3},{"first":118,"second":32,"amount":-2},{"first":118,"second":44,"amount":-3},{"first":119,"second":99,"amount":0},{"first":119,"second":101,"amount":0},{"first":119,"second":103,"amount":0},{"first":119,"second":111,"amount":0},{"first":119,"second":113,"amount":0},{"first":119,"second":116,"amount":0},{"first":119,"second":118,"amount":1},{"first":119,"second":119,"amount":1},{"first":119,"second":121,"amount":1},{"first":119,"second":122,"amount":0},{"first":119,"second":46,"amount":-2},{"first":119,"second":32,"amount":-1},{"first":119,"second":44,"amount":-2},{"first":120,"second":99,"amount":-1},{"first":120,"second":101,"amount":-1},{"first":120,"second":103,"amount":-1},{"first":120,"second":111,"amount":-1},{"first":120,"second":113,"amount":-1},{"first":120,"second":118,"amount":1},{"first":120,"second":120,"amount":0},{"first":120,"second":121,"amount":1},{"first":120,"second":32,"amount":-1},{"first":121,"second":99,"amount":0},{"first":121,"second":101,"amount":0},{"first":121,"second":103,"amount":0},{"first":121,"second":111,"amount":0},{"first":121,"second":113,"amount":0},{"first":121,"second":116,"amount":-1},{"first":121,"second":118,"amount":2},{"first":121,"second":119,"amount":1},{"first":121,"second":120,"amount":0},{"first":121,"second":121,"amount":2},{"first":121,"second":46,"amount":-3},{"first":121,"second":32,"amount":-2},{"first":121,"second":44,"amount":-3},{"first":122,"second":99,"amount":0},{"first":122,"second":101,"amount":0},{"first":122,"second":103,"amount":0},{"first":122,"second":111,"amount":0},{"first":122,"second":113,"amount":0},{"first":122,"second":116,"amount":-1},{"first":122,"second":32,"amount":-1},{"first":65,"second":99,"amount":-1},{"first":65,"second":101,"amount":-1},{"first":65,"second":103,"amount":-1},{"first":65,"second":111,"amount":-1},{"first":65,"second":113,"amount":-1},{"first":65,"second":116,"amount":-1},{"first":65,"second":118,"amount":-2},{"first":65,"second":119,"amount":-2},{"first":65,"second":120,"amount":-2},{"first":65,"second":121,"amount":-2},{"first":65,"second":122,"amount":0},{"first":65,"second":65,"amount":-1},{"first":65,"second":67,"amount":-1},{"first":65,"second":71,"amount":-1},{"first":65,"second":79,"amount":-1},{"first":65,"second":81,"amount":-1},{"first":65,"second":84,"amount":-3},{"first":65,"second":86,"amount":-3},{"first":65,"second":87,"amount":-2},{"first":65,"second":88,"amount":-1},{"first":65,"second":89,"amount":-4},{"first":65,"second":90,"amount":-1},{"first":65,"second":46,"amount":1},{"first":65,"second":32,"amount":-2},{"first":65,"second":44,"amount":1},{"first":66,"second":84,"amount":-1},{"first":67,"second":97,"amount":0},{"first":67,"second":99,"amount":-2},{"first":67,"second":101,"amount":-2},{"first":67,"second":103,"amount":-2},{"first":67,"second":109,"amount":0},{"first":67,"second":110,"amount":0},{"first":67,"second":111,"amount":-2},{"first":67,"second":112,"amount":0},{"first":67,"second":113,"amount":-2},{"first":67,"second":114,"amount":0},{"first":67,"second":115,"amount":0},{"first":67,"second":116,"amount":-2},{"first":67,"second":117,"amount":0},{"first":67,"second":118,"amount":-2},{"first":67,"second":119,"amount":-2},{"first":67,"second":120,"amount":-2},{"first":67,"second":121,"amount":-2},{"first":67,"second":122,"amount":-1},{"first":67,"second":65,"amount":-2},{"first":67,"second":67,"amount":-1},{"first":67,"second":71,"amount":-1},{"first":67,"second":79,"amount":-1},{"first":67,"second":81,"amount":-1},{"first":67,"second":84,"amount":-2},{"first":67,"second":86,"amount":-3},{"first":67,"second":87,"amount":-1},{"first":67,"second":88,"amount":-2},{"first":67,"second":89,"amount":-2},{"first":67,"second":90,"amount":-2},{"first":67,"second":32,"amount":-2},{"first":68,"second":118,"amount":0},{"first":68,"second":120,"amount":-1},{"first":68,"second":121,"amount":0},{"first":68,"second":122,"amount":-1},{"first":68,"second":65,"amount":-1},{"first":68,"second":74,"amount":-1},{"first":68,"second":84,"amount":-2},{"first":68,"second":86,"amount":-2},{"first":68,"second":87,"amount":-1},{"first":68,"second":88,"amount":-2},{"first":68,"second":89,"amount":-2},{"first":68,"second":90,"amount":-1},{"first":68,"second":46,"amount":-1},{"first":68,"second":32,"amount":-1},{"first":68,"second":44,"amount":-1},{"first":75,"second":97,"amount":-1},{"first":75,"second":99,"amount":-2},{"first":75,"second":101,"amount":-2},{"first":75,"second":103,"amount":-2},{"first":75,"second":109,"amount":-1},{"first":75,"second":110,"amount":-1},{"first":75,"second":111,"amount":-2},{"first":75,"second":112,"amount":-1},{"first":75,"second":113,"amount":-2},{"first":75,"second":114,"amount":-1},{"first":75,"second":115,"amount":-1},{"first":75,"second":116,"amount":-2},{"first":75,"second":117,"amount":-1},{"first":75,"second":118,"amount":-2},{"first":75,"second":119,"amount":-2},{"first":75,"second":120,"amount":-2},{"first":75,"second":121,"amount":-2},{"first":75,"second":122,"amount":-1},{"first":75,"second":65,"amount":-1},{"first":75,"second":67,"amount":-2},{"first":75,"second":71,"amount":-2},{"first":75,"second":79,"amount":-2},{"first":75,"second":81,"amount":-2},{"first":75,"second":84,"amount":-2},{"first":75,"second":86,"amount":-1},{"first":75,"second":87,"amount":-1},{"first":75,"second":88,"amount":-2},{"first":75,"second":89,"amount":-2},{"first":75,"second":90,"amount":-1},{"first":75,"second":32,"amount":-1},{"first":76,"second":99,"amount":-1},{"first":76,"second":101,"amount":-1},{"first":76,"second":103,"amount":-1},{"first":76,"second":111,"amount":-1},{"first":76,"second":113,"amount":-1},{"first":76,"second":114,"amount":0},{"first":76,"second":116,"amount":-1},{"first":76,"second":118,"amount":-4},{"first":76,"second":119,"amount":-3},{"first":76,"second":120,"amount":-3},{"first":76,"second":121,"amount":-4},{"first":76,"second":122,"amount":-2},{"first":76,"second":65,"amount":1},{"first":76,"second":67,"amount":-4},{"first":76,"second":71,"amount":-4},{"first":76,"second":79,"amount":-4},{"first":76,"second":81,"amount":-4},{"first":76,"second":84,"amount":-6},{"first":76,"second":86,"amount":-5},{"first":76,"second":87,"amount":-4},{"first":76,"second":88,"amount":-6},{"first":76,"second":89,"amount":-5},{"first":76,"second":90,"amount":-4},{"first":76,"second":32,"amount":-2},{"first":79,"second":118,"amount":0},{"first":79,"second":120,"amount":-1},{"first":79,"second":121,"amount":0},{"first":79,"second":122,"amount":-1},{"first":79,"second":65,"amount":-1},{"first":79,"second":74,"amount":-1},{"first":79,"second":84,"amount":-2},{"first":79,"second":86,"amount":-2},{"first":79,"second":87,"amount":-1},{"first":79,"second":88,"amount":-2},{"first":79,"second":89,"amount":-2},{"first":79,"second":90,"amount":-1},{"first":79,"second":46,"amount":-1},{"first":79,"second":32,"amount":-1},{"first":79,"second":44,"amount":-1},{"first":80,"second":97,"amount":-1},{"first":80,"second":99,"amount":-2},{"first":80,"second":101,"amount":-2},{"first":80,"second":103,"amount":-2},{"first":80,"second":109,"amount":-1},{"first":80,"second":110,"amount":-1},{"first":80,"second":111,"amount":-2},{"first":80,"second":112,"amount":-1},{"first":80,"second":113,"amount":-2},{"first":80,"second":114,"amount":-1},{"first":80,"second":115,"amount":-1},{"first":80,"second":117,"amount":-1},{"first":80,"second":120,"amount":-2},{"first":80,"second":122,"amount":-1},{"first":80,"second":65,"amount":-3},{"first":80,"second":67,"amount":0},{"first":80,"second":71,"amount":0},{"first":80,"second":79,"amount":0},{"first":80,"second":81,"amount":0},{"first":80,"second":84,"amount":0},{"first":80,"second":86,"amount":0},{"first":80,"second":87,"amount":0},{"first":80,"second":88,"amount":-2},{"first":80,"second":89,"amount":-1},{"first":80,"second":90,"amount":-1},{"first":80,"second":46,"amount":-5},{"first":80,"second":32,"amount":-2},{"first":80,"second":44,"amount":-5},{"first":81,"second":118,"amount":0},{"first":81,"second":120,"amount":-1},{"first":81,"second":121,"amount":0},{"first":81,"second":122,"amount":-1},{"first":81,"second":65,"amount":-1},{"first":81,"second":74,"amount":-1},{"first":81,"second":84,"amount":-2},{"first":81,"second":86,"amount":-2},{"first":81,"second":87,"amount":-1},{"first":81,"second":88,"amount":-2},{"first":81,"second":89,"amount":-2},{"first":81,"second":90,"amount":-1},{"first":81,"second":46,"amount":-1},{"first":81,"second":32,"amount":-1},{"first":81,"second":44,"amount":-1},{"first":82,"second":99,"amount":-2},{"first":82,"second":101,"amount":-2},{"first":82,"second":103,"amount":-2},{"first":82,"second":111,"amount":-2},{"first":82,"second":113,"amount":-2},{"first":82,"second":116,"amount":-1},{"first":82,"second":118,"amount":-1},{"first":82,"second":119,"amount":-1},{"first":82,"second":120,"amount":-1},{"first":82,"second":121,"amount":-1},{"first":82,"second":122,"amount":-1},{"first":82,"second":65,"amount":-2},{"first":82,"second":67,"amount":-1},{"first":82,"second":71,"amount":-1},{"first":82,"second":79,"amount":-1},{"first":82,"second":81,"amount":-1},{"first":82,"second":84,"amount":-2},{"first":82,"second":86,"amount":-2},{"first":82,"second":87,"amount":-2},{"first":82,"second":88,"amount":-2},{"first":82,"second":89,"amount":-3},{"first":82,"second":90,"amount":-1},{"first":84,"second":97,"amount":-4},{"first":84,"second":99,"amount":-5},{"first":84,"second":101,"amount":-5},{"first":84,"second":103,"amount":-5},{"first":84,"second":109,"amount":-4},{"first":84,"second":110,"amount":-4},{"first":84,"second":111,"amount":-5},{"first":84,"second":112,"amount":-4},{"first":84,"second":113,"amount":-5},{"first":84,"second":114,"amount":-4},{"first":84,"second":115,"amount":-4},{"first":84,"second":116,"amount":-2},{"first":84,"second":117,"amount":-4},{"first":84,"second":118,"amount":-5},{"first":84,"second":119,"amount":-5},{"first":84,"second":120,"amount":-5},{"first":84,"second":121,"amount":-5},{"first":84,"second":122,"amount":-5},{"first":84,"second":65,"amount":-3},{"first":84,"second":67,"amount":-2},{"first":84,"second":71,"amount":-2},{"first":84,"second":79,"amount":-2},{"first":84,"second":81,"amount":-2},{"first":84,"second":84,"amount":1},{"first":84,"second":86,"amount":-1},{"first":84,"second":87,"amount":-1},{"first":84,"second":88,"amount":-2},{"first":84,"second":89,"amount":-3},{"first":84,"second":90,"amount":-2},{"first":84,"second":46,"amount":-5},{"first":84,"second":32,"amount":-2},{"first":84,"second":44,"amount":-5},{"first":86,"second":97,"amount":-2},{"first":86,"second":99,"amount":-3},{"first":86,"second":101,"amount":-3},{"first":86,"second":103,"amount":-3},{"first":86,"second":109,"amount":-2},{"first":86,"second":110,"amount":-2},{"first":86,"second":111,"amount":-3},{"first":86,"second":112,"amount":-2},{"first":86,"second":113,"amount":-3},{"first":86,"second":114,"amount":-2},{"first":86,"second":115,"amount":-2},{"first":86,"second":116,"amount":-1},{"first":86,"second":117,"amount":-2},{"first":86,"second":118,"amount":0},{"first":86,"second":119,"amount":-1},{"first":86,"second":120,"amount":-2},{"first":86,"second":121,"amount":0},{"first":86,"second":122,"amount":-2},{"first":86,"second":65,"amount":-3},{"first":86,"second":67,"amount":-2},{"first":86,"second":71,"amount":-2},{"first":86,"second":79,"amount":-2},{"first":86,"second":81,"amount":-2},{"first":86,"second":84,"amount":-1},{"first":86,"second":86,"amount":-1},{"first":86,"second":87,"amount":-1},{"first":86,"second":88,"amount":-1},{"first":86,"second":89,"amount":-2},{"first":86,"second":90,"amount":-1},{"first":86,"second":46,"amount":-5},{"first":86,"second":32,"amount":-1},{"first":86,"second":44,"amount":-5},{"first":87,"second":97,"amount":-2},{"first":87,"second":99,"amount":-2},{"first":87,"second":101,"amount":-2},{"first":87,"second":103,"amount":-2},{"first":87,"second":109,"amount":-2},{"first":87,"second":110,"amount":-2},{"first":87,"second":111,"amount":-2},{"first":87,"second":112,"amount":-2},{"first":87,"second":113,"amount":-2},{"first":87,"second":114,"amount":-2},{"first":87,"second":115,"amount":-2},{"first":87,"second":116,"amount":-1},{"first":87,"second":117,"amount":-2},{"first":87,"second":118,"amount":0},{"first":87,"second":119,"amount":-1},{"first":87,"second":120,"amount":-2},{"first":87,"second":121,"amount":0},{"first":87,"second":122,"amount":-2},{"first":87,"second":65,"amount":-2},{"first":87,"second":67,"amount":-1},{"first":87,"second":71,"amount":-1},{"first":87,"second":79,"amount":-1},{"first":87,"second":81,"amount":-1},{"first":87,"second":84,"amount":-1},{"first":87,"second":86,"amount":-1},{"first":87,"second":87,"amount":-1},{"first":87,"second":88,"amount":-1},{"first":87,"second":89,"amount":-2},{"first":87,"second":90,"amount":-1},{"first":87,"second":46,"amount":-4},{"first":87,"second":32,"amount":-1},{"first":87,"second":44,"amount":-4},{"first":88,"second":97,"amount":-1},{"first":88,"second":99,"amount":-2},{"first":88,"second":101,"amount":-2},{"first":88,"second":103,"amount":-2},{"first":88,"second":109,"amount":-1},{"first":88,"second":110,"amount":-1},{"first":88,"second":111,"amount":-2},{"first":88,"second":112,"amount":-1},{"first":88,"second":113,"amount":-2},{"first":88,"second":114,"amount":-1},{"first":88,"second":115,"amount":-1},{"first":88,"second":116,"amount":-2},{"first":88,"second":117,"amount":-1},{"first":88,"second":118,"amount":-2},{"first":88,"second":119,"amount":-2},{"first":88,"second":120,"amount":-2},{"first":88,"second":121,"amount":-2},{"first":88,"second":122,"amount":-1},{"first":88,"second":65,"amount":-1},{"first":88,"second":67,"amount":-2},{"first":88,"second":71,"amount":-2},{"first":88,"second":79,"amount":-2},{"first":88,"second":81,"amount":-2},{"first":88,"second":84,"amount":-2},{"first":88,"second":86,"amount":-1},{"first":88,"second":87,"amount":-1},{"first":88,"second":88,"amount":-2},{"first":88,"second":89,"amount":-2},{"first":88,"second":90,"amount":-1},{"first":88,"second":32,"amount":-1},{"first":89,"second":97,"amount":-3},{"first":89,"second":99,"amount":-4},{"first":89,"second":101,"amount":-4},{"first":89,"second":103,"amount":-4},{"first":89,"second":109,"amount":-3},{"first":89,"second":110,"amount":-3},{"first":89,"second":111,"amount":-4},{"first":89,"second":112,"amount":-3},{"first":89,"second":113,"amount":-4},{"first":89,"second":114,"amount":-3},{"first":89,"second":115,"amount":-3},{"first":89,"second":116,"amount":-2},{"first":89,"second":117,"amount":-3},{"first":89,"second":118,"amount":-2},{"first":89,"second":119,"amount":-2},{"first":89,"second":120,"amount":-3},{"first":89,"second":121,"amount":-2},{"first":89,"second":122,"amount":-3},{"first":89,"second":65,"amount":-4},{"first":89,"second":67,"amount":-2},{"first":89,"second":71,"amount":-2},{"first":89,"second":79,"amount":-2},{"first":89,"second":81,"amount":-2},{"first":89,"second":84,"amount":-3},{"first":89,"second":86,"amount":-2},{"first":89,"second":87,"amount":-1},{"first":89,"second":88,"amount":-2},{"first":89,"second":89,"amount":-2},{"first":89,"second":90,"amount":-2},{"first":89,"second":46,"amount":-5},{"first":89,"second":32,"amount":-1},{"first":89,"second":44,"amount":-5},{"first":90,"second":97,"amount":0},{"first":90,"second":99,"amount":-2},{"first":90,"second":101,"amount":-2},{"first":90,"second":103,"amount":-2},{"first":90,"second":109,"amount":0},{"first":90,"second":110,"amount":0},{"first":90,"second":111,"amount":-2},{"first":90,"second":112,"amount":0},{"first":90,"second":113,"amount":-2},{"first":90,"second":114,"amount":0},{"first":90,"second":115,"amount":0},{"first":90,"second":116,"amount":0},{"first":90,"second":117,"amount":0},{"first":90,"second":118,"amount":0},{"first":90,"second":119,"amount":0},{"first":90,"second":120,"amount":0},{"first":90,"second":121,"amount":0},{"first":90,"second":122,"amount":-1},{"first":90,"second":65,"amount":-1},{"first":90,"second":67,"amount":-1},{"first":90,"second":71,"amount":-1},{"first":90,"second":79,"amount":-1},{"first":90,"second":81,"amount":-1},{"first":90,"second":84,"amount":-1},{"first":90,"second":86,"amount":-1},{"first":90,"second":87,"amount":-1},{"first":90,"second":88,"amount":-1},{"first":90,"second":89,"amount":-2},{"first":90,"second":90,"amount":0},{"first":90,"second":32,"amount":-1},{"first":1072,"second":1058,"amount":-5},{"first":1073,"second":1078,"amount":0},{"first":1073,"second":1090,"amount":0},{"first":1073,"second":1091,"amount":-1},{"first":1073,"second":1093,"amount":0},{"first":1073,"second":1098,"amount":0},{"first":1073,"second":46,"amount":0},{"first":1073,"second":44,"amount":0},{"first":1075,"second":1076,"amount":-1},{"first":1075,"second":1077,"amount":0},{"first":1075,"second":1105,"amount":0},{"first":1075,"second":1083,"amount":-1},{"first":1075,"second":1086,"amount":0},{"first":1075,"second":1089,"amount":0},{"first":1075,"second":1090,"amount":1},{"first":1075,"second":1091,"amount":-1},{"first":1075,"second":1092,"amount":0},{"first":1075,"second":1093,"amount":0},{"first":1075,"second":1098,"amount":1},{"first":1075,"second":46,"amount":-3},{"first":1075,"second":32,"amount":-1},{"first":1075,"second":44,"amount":-3},{"first":1076,"second":1076,"amount":1},{"first":1076,"second":1083,"amount":1},{"first":1077,"second":1076,"amount":0},{"first":1077,"second":1077,"amount":0},{"first":1077,"second":1105,"amount":0},{"first":1077,"second":1078,"amount":0},{"first":1077,"second":1083,"amount":0},{"first":1077,"second":1086,"amount":0},{"first":1077,"second":1089,"amount":0},{"first":1077,"second":1091,"amount":-1},{"first":1077,"second":1092,"amount":0},{"first":1077,"second":1093,"amount":0},{"first":1105,"second":1076,"amount":0},{"first":1105,"second":1077,"amount":0},{"first":1105,"second":1105,"amount":0},{"first":1105,"second":1078,"amount":0},{"first":1105,"second":1083,"amount":0},{"first":1105,"second":1086,"amount":0},{"first":1105,"second":1089,"amount":0},{"first":1105,"second":1091,"amount":-1},{"first":1105,"second":1092,"amount":0},{"first":1105,"second":1093,"amount":0},{"first":1078,"second":1076,"amount":1},{"first":1078,"second":1077,"amount":-1},{"first":1078,"second":1105,"amount":-1},{"first":1078,"second":1083,"amount":1},{"first":1078,"second":1086,"amount":-1},{"first":1078,"second":1089,"amount":-1},{"first":1078,"second":1091,"amount":-1},{"first":1078,"second":1092,"amount":-1},{"first":1078,"second":1095,"amount":-1},{"first":1078,"second":1103,"amount":-1},{"first":1082,"second":1076,"amount":1},{"first":1082,"second":1077,"amount":-1},{"first":1082,"second":1105,"amount":-1},{"first":1082,"second":1083,"amount":1},{"first":1082,"second":1086,"amount":-1},{"first":1082,"second":1089,"amount":-1},{"first":1082,"second":1091,"amount":-1},{"first":1082,"second":1092,"amount":-1},{"first":1082,"second":1095,"amount":-1},{"first":1082,"second":1103,"amount":-1},{"first":1086,"second":1078,"amount":0},{"first":1086,"second":1090,"amount":0},{"first":1086,"second":1091,"amount":-1},{"first":1086,"second":1093,"amount":0},{"first":1086,"second":1098,"amount":0},{"first":1086,"second":46,"amount":0},{"first":1086,"second":44,"amount":0},{"first":1088,"second":1078,"amount":0},{"first":1088,"second":1090,"amount":0},{"first":1088,"second":1091,"amount":-1},{"first":1088,"second":1093,"amount":0},{"first":1088,"second":1098,"amount":0},{"first":1088,"second":46,"amount":0},{"first":1088,"second":44,"amount":0},{"first":1089,"second":1076,"amount":0},{"first":1089,"second":1077,"amount":-1},{"first":1089,"second":1105,"amount":-1},{"first":1089,"second":1083,"amount":1},{"first":1089,"second":1086,"amount":-1},{"first":1089,"second":1089,"amount":-1},{"first":1089,"second":1090,"amount":0},{"first":1089,"second":1091,"amount":-1},{"first":1089,"second":1092,"amount":-1},{"first":1089,"second":1093,"amount":0},{"first":1089,"second":1098,"amount":0},{"first":1089,"second":1103,"amount":0},{"first":1089,"second":32,"amount":-1},{"first":1090,"second":1076,"amount":-1},{"first":1090,"second":1077,"amount":0},{"first":1090,"second":1105,"amount":0},{"first":1090,"second":1083,"amount":-1},{"first":1090,"second":1086,"amount":0},{"first":1090,"second":1089,"amount":0},{"first":1090,"second":1090,"amount":2},{"first":1090,"second":1091,"amount":-1},{"first":1090,"second":1092,"amount":0},{"first":1090,"second":1093,"amount":0},{"first":1090,"second":1098,"amount":1},{"first":1090,"second":46,"amount":-3},{"first":1090,"second":32,"amount":-1},{"first":1090,"second":44,"amount":-3},{"first":1091,"second":1076,"amount":-1},{"first":1091,"second":1077,"amount":0},{"first":1091,"second":1105,"amount":0},{"first":1091,"second":1083,"amount":-1},{"first":1091,"second":1086,"amount":0},{"first":1091,"second":1089,"amount":0},{"first":1091,"second":1090,"amount":1},{"first":1091,"second":1091,"amount":1},{"first":1091,"second":1092,"amount":0},{"first":1091,"second":1098,"amount":1},{"first":1091,"second":1103,"amount":0},{"first":1091,"second":46,"amount":-3},{"first":1091,"second":32,"amount":-2},{"first":1091,"second":44,"amount":-3},{"first":1092,"second":1078,"amount":0},{"first":1092,"second":1090,"amount":0},{"first":1092,"second":1091,"amount":-1},{"first":1092,"second":1093,"amount":0},{"first":1092,"second":1098,"amount":0},{"first":1092,"second":46,"amount":0},{"first":1092,"second":44,"amount":0},{"first":1093,"second":1076,"amount":1},{"first":1093,"second":1077,"amount":0},{"first":1093,"second":1105,"amount":0},{"first":1093,"second":1083,"amount":1},{"first":1093,"second":1086,"amount":0},{"first":1093,"second":1089,"amount":0},{"first":1093,"second":1091,"amount":0},{"first":1093,"second":1092,"amount":0},{"first":1093,"second":1093,"amount":0},{"first":1093,"second":1095,"amount":-1},{"first":1093,"second":1103,"amount":-1},{"first":1093,"second":32,"amount":-1},{"first":1094,"second":1076,"amount":1},{"first":1094,"second":1083,"amount":1},{"first":1097,"second":1076,"amount":1},{"first":1097,"second":1083,"amount":1},{"first":1098,"second":1076,"amount":0},{"first":1098,"second":1077,"amount":0},{"first":1098,"second":1105,"amount":0},{"first":1098,"second":1078,"amount":0},{"first":1098,"second":1083,"amount":0},{"first":1098,"second":1086,"amount":0},{"first":1098,"second":1089,"amount":0},{"first":1098,"second":1090,"amount":-2},{"first":1098,"second":1091,"amount":-2},{"first":1098,"second":1092,"amount":0},{"first":1098,"second":1093,"amount":-1},{"first":1098,"second":1095,"amount":-1},{"first":1098,"second":1098,"amount":-2},{"first":1098,"second":1103,"amount":-1},{"first":1098,"second":32,"amount":-1},{"first":1100,"second":1076,"amount":0},{"first":1100,"second":1077,"amount":0},{"first":1100,"second":1105,"amount":0},{"first":1100,"second":1078,"amount":0},{"first":1100,"second":1083,"amount":0},{"first":1100,"second":1086,"amount":0},{"first":1100,"second":1089,"amount":0},{"first":1100,"second":1090,"amount":-2},{"first":1100,"second":1091,"amount":-2},{"first":1100,"second":1092,"amount":0},{"first":1100,"second":1093,"amount":-1},{"first":1100,"second":1095,"amount":-1},{"first":1100,"second":1098,"amount":-2},{"first":1100,"second":1103,"amount":-1},{"first":1100,"second":32,"amount":-1},{"first":1101,"second":1078,"amount":0},{"first":1101,"second":1090,"amount":0},{"first":1101,"second":1091,"amount":-1},{"first":1101,"second":1093,"amount":0},{"first":1101,"second":1098,"amount":0},{"first":1101,"second":46,"amount":0},{"first":1101,"second":44,"amount":0},{"first":1102,"second":1078,"amount":0},{"first":1102,"second":1090,"amount":0},{"first":1102,"second":1091,"amount":-1},{"first":1102,"second":1093,"amount":0},{"first":1102,"second":1098,"amount":0},{"first":1102,"second":46,"amount":0},{"first":1102,"second":44,"amount":0},{"first":1040,"second":1076,"amount":-1},{"first":1040,"second":1077,"amount":-1},{"first":1040,"second":1105,"amount":-1},{"first":1040,"second":1078,"amount":-1},{"first":1040,"second":1083,"amount":-1},{"first":1040,"second":1086,"amount":-1},{"first":1040,"second":1089,"amount":-1},{"first":1040,"second":1090,"amount":-1},{"first":1040,"second":1091,"amount":-2},{"first":1040,"second":1092,"amount":-1},{"first":1040,"second":1093,"amount":-1},{"first":1040,"second":1095,"amount":-1},{"first":1040,"second":1098,"amount":-1},{"first":1040,"second":1103,"amount":-1},{"first":1040,"second":1040,"amount":-1},{"first":1040,"second":1044,"amount":-1},{"first":1040,"second":1046,"amount":-1},{"first":1040,"second":1051,"amount":-1},{"first":1040,"second":1054,"amount":-1},{"first":1040,"second":1057,"amount":-1},{"first":1040,"second":1058,"amount":-3},{"first":1040,"second":1059,"amount":-2},{"first":1040,"second":1060,"amount":-1},{"first":1040,"second":1061,"amount":0},{"first":1040,"second":1063,"amount":-1},{"first":1040,"second":1066,"amount":-3},{"first":1040,"second":1069,"amount":-1},{"first":1040,"second":46,"amount":1},{"first":1040,"second":32,"amount":-2},{"first":1040,"second":44,"amount":1},{"first":1042,"second":1058,"amount":-1},{"first":1043,"second":1072,"amount":-5},{"first":1043,"second":1074,"amount":-5},{"first":1043,"second":1075,"amount":-5},{"first":1043,"second":1076,"amount":-5},{"first":1043,"second":1077,"amount":-5},{"first":1043,"second":1105,"amount":-1},{"first":1043,"second":1078,"amount":-3},{"first":1043,"second":1079,"amount":-5},{"first":1043,"second":1080,"amount":-5},{"first":1043,"second":1081,"amount":-1},{"first":1043,"second":1082,"amount":-5},{"first":1043,"second":1083,"amount":-5},{"first":1043,"second":1084,"amount":-5},{"first":1043,"second":1085,"amount":-5},{"first":1043,"second":1086,"amount":-5},{"first":1043,"second":1087,"amount":-5},{"first":1043,"second":1088,"amount":-5},{"first":1043,"second":1089,"amount":-5},{"first":1043,"second":1090,"amount":-5},{"first":1043,"second":1091,"amount":-5},{"first":1043,"second":1092,"amount":-5},{"first":1043,"second":1093,"amount":-6},{"first":1043,"second":1094,"amount":-5},{"first":1043,"second":1095,"amount":-5},{"first":1043,"second":1096,"amount":-5},{"first":1043,"second":1097,"amount":-5},{"first":1043,"second":1098,"amount":-5},{"first":1043,"second":1099,"amount":-5},{"first":1043,"second":1100,"amount":-5},{"first":1043,"second":1101,"amount":-5},{"first":1043,"second":1102,"amount":-5},{"first":1043,"second":1103,"amount":-5},{"first":1043,"second":1040,"amount":-4},{"first":1043,"second":1044,"amount":-1},{"first":1043,"second":1046,"amount":-2},{"first":1043,"second":1051,"amount":-1},{"first":1043,"second":1054,"amount":-1},{"first":1043,"second":1057,"amount":-1},{"first":1043,"second":1058,"amount":1},{"first":1043,"second":1059,"amount":-2},{"first":1043,"second":1060,"amount":-1},{"first":1043,"second":1061,"amount":-2},{"first":1043,"second":1063,"amount":1},{"first":1043,"second":1066,"amount":2},{"first":1043,"second":46,"amount":-5},{"first":1043,"second":32,"amount":-2},{"first":1043,"second":44,"amount":-5},{"first":1044,"second":1076,"amount":0},{"first":1044,"second":1077,"amount":-1},{"first":1044,"second":1105,"amount":-1},{"first":1044,"second":1083,"amount":0},{"first":1044,"second":1086,"amount":-1},{"first":1044,"second":1089,"amount":-1},{"first":1044,"second":1090,"amount":-1},{"first":1044,"second":1091,"amount":-1},{"first":1044,"second":1092,"amount":-1},{"first":1044,"second":1095,"amount":-1},{"first":1044,"second":1098,"amount":-1},{"first":1044,"second":1044,"amount":1},{"first":1044,"second":1051,"amount":1},{"first":1044,"second":1054,"amount":-1},{"first":1044,"second":1057,"amount":-1},{"first":1044,"second":1058,"amount":-2},{"first":1044,"second":1059,"amount":-2},{"first":1044,"second":1060,"amount":-1},{"first":1044,"second":1063,"amount":-2},{"first":1044,"second":1066,"amount":-2},{"first":1046,"second":1076,"amount":-1},{"first":1046,"second":1077,"amount":-1},{"first":1046,"second":1105,"amount":-1},{"first":1046,"second":1078,"amount":-1},{"first":1046,"second":1083,"amount":-1},{"first":1046,"second":1086,"amount":-1},{"first":1046,"second":1089,"amount":-1},{"first":1046,"second":1090,"amount":-1},{"first":1046,"second":1091,"amount":-1},{"first":1046,"second":1092,"amount":-1},{"first":1046,"second":1093,"amount":-1},{"first":1046,"second":1095,"amount":-1},{"first":1046,"second":1098,"amount":-1},{"first":1046,"second":1103,"amount":-1},{"first":1046,"second":1040,"amount":-1},{"first":1046,"second":1044,"amount":2},{"first":1046,"second":1046,"amount":-1},{"first":1046,"second":1051,"amount":2},{"first":1046,"second":1054,"amount":-1},{"first":1046,"second":1057,"amount":-1},{"first":1046,"second":1058,"amount":-2},{"first":1046,"second":1059,"amount":-1},{"first":1046,"second":1060,"amount":-1},{"first":1046,"second":1061,"amount":-1},{"first":1046,"second":1063,"amount":-1},{"first":1046,"second":1069,"amount":1},{"first":1046,"second":32,"amount":-1},{"first":1050,"second":1076,"amount":-1},{"first":1050,"second":1077,"amount":-1},{"first":1050,"second":1105,"amount":-1},{"first":1050,"second":1078,"amount":-1},{"first":1050,"second":1083,"amount":-1},{"first":1050,"second":1086,"amount":-1},{"first":1050,"second":1089,"amount":-1},{"first":1050,"second":1090,"amount":-1},{"first":1050,"second":1091,"amount":-1},{"first":1050,"second":1092,"amount":-1},{"first":1050,"second":1093,"amount":-1},{"first":1050,"second":1095,"amount":-1},{"first":1050,"second":1098,"amount":-1},{"first":1050,"second":1103,"amount":-1},{"first":1050,"second":1040,"amount":-1},{"first":1050,"second":1044,"amount":2},{"first":1050,"second":1046,"amount":-1},{"first":1050,"second":1051,"amount":2},{"first":1050,"second":1054,"amount":-1},{"first":1050,"second":1057,"amount":-1},{"first":1050,"second":1058,"amount":-2},{"first":1050,"second":1059,"amount":-1},{"first":1050,"second":1060,"amount":-1},{"first":1050,"second":1061,"amount":-1},{"first":1050,"second":1063,"amount":-1},{"first":1050,"second":1069,"amount":1},{"first":1050,"second":32,"amount":-1},{"first":1054,"second":1076,"amount":-1},{"first":1054,"second":1078,"amount":0},{"first":1054,"second":1083,"amount":-1},{"first":1054,"second":1090,"amount":0},{"first":1054,"second":1091,"amount":0},{"first":1054,"second":1093,"amount":-1},{"first":1054,"second":1098,"amount":0},{"first":1054,"second":1103,"amount":0},{"first":1054,"second":1040,"amount":-1},{"first":1054,"second":1044,"amount":-1},{"first":1054,"second":1046,"amount":-1},{"first":1054,"second":1051,"amount":-1},{"first":1054,"second":1058,"amount":-2},{"first":1054,"second":1059,"amount":-2},{"first":1054,"second":1061,"amount":-1},{"first":1054,"second":1066,"amount":-1},{"first":1054,"second":1069,"amount":-1},{"first":1054,"second":46,"amount":-1},{"first":1054,"second":32,"amount":-1},{"first":1054,"second":44,"amount":-1},{"first":1056,"second":1072,"amount":-1},{"first":1056,"second":1074,"amount":-1},{"first":1056,"second":1075,"amount":-1},{"first":1056,"second":1076,"amount":-4},{"first":1056,"second":1077,"amount":-2},{"first":1056,"second":1105,"amount":-2},{"first":1056,"second":1078,"amount":-1},{"first":1056,"second":1079,"amount":-1},{"first":1056,"second":1080,"amount":-1},{"first":1056,"second":1081,"amount":0},{"first":1056,"second":1082,"amount":-1},{"first":1056,"second":1083,"amount":-4},{"first":1056,"second":1084,"amount":-1},{"first":1056,"second":1085,"amount":-1},{"first":1056,"second":1086,"amount":-2},{"first":1056,"second":1087,"amount":-1},{"first":1056,"second":1088,"amount":-1},{"first":1056,"second":1089,"amount":-2},{"first":1056,"second":1090,"amount":-1},{"first":1056,"second":1092,"amount":-2},{"first":1056,"second":1093,"amount":-1},{"first":1056,"second":1094,"amount":-1},{"first":1056,"second":1096,"amount":-1},{"first":1056,"second":1097,"amount":-1},{"first":1056,"second":1098,"amount":-1},{"first":1056,"second":1099,"amount":-1},{"first":1056,"second":1100,"amount":-1},{"first":1056,"second":1101,"amount":-1},{"first":1056,"second":1102,"amount":-1},{"first":1056,"second":1103,"amount":-1},{"first":1056,"second":1040,"amount":-3},{"first":1056,"second":1044,"amount":-1},{"first":1056,"second":1046,"amount":-1},{"first":1056,"second":1051,"amount":-2},{"first":1056,"second":1054,"amount":0},{"first":1056,"second":1057,"amount":0},{"first":1056,"second":1058,"amount":0},{"first":1056,"second":1059,"amount":-1},{"first":1056,"second":1060,"amount":0},{"first":1056,"second":1061,"amount":-1},{"first":1056,"second":1069,"amount":0},{"first":1056,"second":46,"amount":-5},{"first":1056,"second":32,"amount":-2},{"first":1056,"second":44,"amount":-5},{"first":1057,"second":1076,"amount":-3},{"first":1057,"second":1077,"amount":-2},{"first":1057,"second":1105,"amount":-2},{"first":1057,"second":1078,"amount":-1},{"first":1057,"second":1083,"amount":-3},{"first":1057,"second":1086,"amount":-2},{"first":1057,"second":1089,"amount":-2},{"first":1057,"second":1090,"amount":-3},{"first":1057,"second":1091,"amount":-1},{"first":1057,"second":1092,"amount":-2},{"first":1057,"second":1093,"amount":0},{"first":1057,"second":1095,"amount":-2},{"first":1057,"second":1098,"amount":-3},{"first":1057,"second":1103,"amount":-2},{"first":1057,"second":1040,"amount":-2},{"first":1057,"second":1044,"amount":0},{"first":1057,"second":1046,"amount":-1},{"first":1057,"second":1051,"amount":0},{"first":1057,"second":1054,"amount":-1},{"first":1057,"second":1057,"amount":-1},{"first":1057,"second":1058,"amount":0},{"first":1057,"second":1059,"amount":-2},{"first":1057,"second":1060,"amount":-1},{"first":1057,"second":1061,"amount":0},{"first":1057,"second":1063,"amount":0},{"first":1057,"second":1066,"amount":-1},{"first":1057,"second":32,"amount":-2},{"first":1058,"second":1072,"amount":-5},{"first":1058,"second":1074,"amount":-5},{"first":1058,"second":1075,"amount":-5},{"first":1058,"second":1076,"amount":-5},{"first":1058,"second":1077,"amount":-5},{"first":1058,"second":1105,"amount":-3},{"first":1058,"second":1078,"amount":-2},{"first":1058,"second":1079,"amount":-5},{"first":1058,"second":1080,"amount":-5},{"first":1058,"second":1081,"amount":-2},{"first":1058,"second":1082,"amount":-5},{"first":1058,"second":1083,"amount":-5},{"first":1058,"second":1084,"amount":-5},{"first":1058,"second":1085,"amount":-5},{"first":1058,"second":1086,"amount":-5},{"first":1058,"second":1087,"amount":-5},{"first":1058,"second":1088,"amount":-5},{"first":1058,"second":1089,"amount":-5},{"first":1058,"second":1090,"amount":-5},{"first":1058,"second":1091,"amount":-5},{"first":1058,"second":1092,"amount":-5},{"first":1058,"second":1093,"amount":-5},{"first":1058,"second":1094,"amount":-5},{"first":1058,"second":1095,"amount":-5},{"first":1058,"second":1096,"amount":-5},{"first":1058,"second":1097,"amount":-5},{"first":1058,"second":1098,"amount":-5},{"first":1058,"second":1099,"amount":-5},{"first":1058,"second":1100,"amount":-5},{"first":1058,"second":1101,"amount":-5},{"first":1058,"second":1102,"amount":-5},{"first":1058,"second":1103,"amount":-5},{"first":1058,"second":1040,"amount":-3},{"first":1058,"second":1044,"amount":-1},{"first":1058,"second":1046,"amount":-2},{"first":1058,"second":1051,"amount":-2},{"first":1058,"second":1054,"amount":-2},{"first":1058,"second":1057,"amount":-2},{"first":1058,"second":1058,"amount":1},{"first":1058,"second":1059,"amount":1},{"first":1058,"second":1060,"amount":-2},{"first":1058,"second":1061,"amount":-1},{"first":1058,"second":1063,"amount":0},{"first":1058,"second":1066,"amount":1},{"first":1058,"second":1069,"amount":0},{"first":1058,"second":46,"amount":-5},{"first":1058,"second":32,"amount":-2},{"first":1058,"second":44,"amount":0},{"first":1059,"second":1072,"amount":-2},{"first":1059,"second":1074,"amount":-2},{"first":1059,"second":1075,"amount":-2},{"first":1059,"second":1076,"amount":-4},{"first":1059,"second":1077,"amount":-3},{"first":1059,"second":1105,"amount":-2},{"first":1059,"second":1078,"amount":-1},{"first":1059,"second":1079,"amount":-2},{"first":1059,"second":1080,"amount":-2},{"first":1059,"second":1081,"amount":-1},{"first":1059,"second":1082,"amount":-2},{"first":1059,"second":1083,"amount":-4},{"first":1059,"second":1084,"amount":-2},{"first":1059,"second":1085,"amount":-2},{"first":1059,"second":1086,"amount":-3},{"first":1059,"second":1087,"amount":-2},{"first":1059,"second":1088,"amount":-2},{"first":1059,"second":1089,"amount":-3},{"first":1059,"second":1090,"amount":0},{"first":1059,"second":1091,"amount":-1},{"first":1059,"second":1092,"amount":-3},{"first":1059,"second":1093,"amount":-1},{"first":1059,"second":1094,"amount":-2},{"first":1059,"second":1095,"amount":-1},{"first":1059,"second":1096,"amount":-2},{"first":1059,"second":1097,"amount":-2},{"first":1059,"second":1098,"amount":0},{"first":1059,"second":1099,"amount":-2},{"first":1059,"second":1100,"amount":-2},{"first":1059,"second":1101,"amount":-2},{"first":1059,"second":1102,"amount":-2},{"first":1059,"second":1103,"amount":-3},{"first":1059,"second":1040,"amount":-3},{"first":1059,"second":1044,"amount":-1},{"first":1059,"second":1046,"amount":-1},{"first":1059,"second":1051,"amount":-1},{"first":1059,"second":1054,"amount":-1},{"first":1059,"second":1057,"amount":-1},{"first":1059,"second":1058,"amount":-1},{"first":1059,"second":1059,"amount":-1},{"first":1059,"second":1060,"amount":-1},{"first":1059,"second":1061,"amount":0},{"first":1059,"second":1063,"amount":1},{"first":1059,"second":1066,"amount":-1},{"first":1059,"second":1069,"amount":1},{"first":1059,"second":46,"amount":-5},{"first":1059,"second":32,"amount":-1},{"first":1059,"second":44,"amount":-5},{"first":1060,"second":1076,"amount":-1},{"first":1060,"second":1078,"amount":0},{"first":1060,"second":1083,"amount":-1},{"first":1060,"second":1090,"amount":0},{"first":1060,"second":1091,"amount":0},{"first":1060,"second":1093,"amount":-1},{"first":1060,"second":1098,"amount":0},{"first":1060,"second":1103,"amount":0},{"first":1060,"second":1040,"amount":-1},{"first":1060,"second":1044,"amount":-1},{"first":1060,"second":1046,"amount":-1},{"first":1060,"second":1051,"amount":-1},{"first":1060,"second":1058,"amount":-2},{"first":1060,"second":1059,"amount":-2},{"first":1060,"second":1061,"amount":-1},{"first":1060,"second":1066,"amount":-1},{"first":1060,"second":1069,"amount":-1},{"first":1060,"second":46,"amount":-1},{"first":1060,"second":32,"amount":-1},{"first":1060,"second":44,"amount":-1},{"first":1061,"second":1076,"amount":0},{"first":1061,"second":1077,"amount":-1},{"first":1061,"second":1105,"amount":-1},{"first":1061,"second":1078,"amount":-1},{"first":1061,"second":1083,"amount":0},{"first":1061,"second":1086,"amount":-1},{"first":1061,"second":1089,"amount":-1},{"first":1061,"second":1090,"amount":-1},{"first":1061,"second":1091,"amount":-1},{"first":1061,"second":1092,"amount":-1},{"first":1061,"second":1093,"amount":-1},{"first":1061,"second":1095,"amount":-1},{"first":1061,"second":1098,"amount":-1},{"first":1061,"second":1103,"amount":-1},{"first":1061,"second":1040,"amount":0},{"first":1061,"second":1044,"amount":0},{"first":1061,"second":1046,"amount":-1},{"first":1061,"second":1051,"amount":2},{"first":1061,"second":1054,"amount":-1},{"first":1061,"second":1057,"amount":-1},{"first":1061,"second":1058,"amount":-1},{"first":1061,"second":1059,"amount":0},{"first":1061,"second":1060,"amount":-1},{"first":1061,"second":1061,"amount":-1},{"first":1061,"second":1063,"amount":-1},{"first":1061,"second":1069,"amount":1},{"first":1061,"second":32,"amount":-1},{"first":1062,"second":1076,"amount":0},{"first":1062,"second":1077,"amount":-1},{"first":1062,"second":1105,"amount":-1},{"first":1062,"second":1083,"amount":0},{"first":1062,"second":1086,"amount":-1},{"first":1062,"second":1089,"amount":-1},{"first":1062,"second":1090,"amount":-1},{"first":1062,"second":1091,"amount":-1},{"first":1062,"second":1092,"amount":-1},{"first":1062,"second":1095,"amount":-1},{"first":1062,"second":1098,"amount":-1},{"first":1062,"second":1044,"amount":1},{"first":1062,"second":1051,"amount":1},{"first":1062,"second":1054,"amount":-1},{"first":1062,"second":1057,"amount":-1},{"first":1062,"second":1058,"amount":-2},{"first":1062,"second":1059,"amount":-2},{"first":1062,"second":1060,"amount":-1},{"first":1062,"second":1063,"amount":-2},{"first":1062,"second":1066,"amount":-2},{"first":1065,"second":1076,"amount":0},{"first":1065,"second":1077,"amount":0},{"first":1065,"second":1105,"amount":0},{"first":1065,"second":1083,"amount":0},{"first":1065,"second":1086,"amount":0},{"first":1065,"second":1089,"amount":0},{"first":1065,"second":1090,"amount":-1},{"first":1065,"second":1091,"amount":-1},{"first":1065,"second":1092,"amount":0},{"first":1065,"second":1095,"amount":-1},{"first":1065,"second":1098,"amount":-1},{"first":1065,"second":1044,"amount":1},{"first":1065,"second":1051,"amount":1},{"first":1065,"second":1054,"amount":-1},{"first":1065,"second":1057,"amount":-1},{"first":1065,"second":1058,"amount":-2},{"first":1065,"second":1059,"amount":-2},{"first":1065,"second":1060,"amount":-1},{"first":1065,"second":1063,"amount":-2},{"first":1065,"second":1066,"amount":-2},{"first":1066,"second":1078,"amount":-1},{"first":1066,"second":1090,"amount":0},{"first":1066,"second":1091,"amount":-1},{"first":1066,"second":1093,"amount":-1},{"first":1066,"second":1098,"amount":0},{"first":1066,"second":1103,"amount":0},{"first":1066,"second":1040,"amount":-1},{"first":1066,"second":1044,"amount":0},{"first":1066,"second":1046,"amount":-1},{"first":1066,"second":1054,"amount":0},{"first":1066,"second":1057,"amount":0},{"first":1066,"second":1058,"amount":-5},{"first":1066,"second":1059,"amount":-3},{"first":1066,"second":1060,"amount":0},{"first":1066,"second":1061,"amount":-1},{"first":1066,"second":1063,"amount":-1},{"first":1066,"second":1066,"amount":-2},{"first":1066,"second":1069,"amount":0},{"first":1066,"second":32,"amount":-1},{"first":1068,"second":1078,"amount":-1},{"first":1068,"second":1090,"amount":0},{"first":1068,"second":1091,"amount":-1},{"first":1068,"second":1093,"amount":-1},{"first":1068,"second":1098,"amount":0},{"first":1068,"second":1103,"amount":0},{"first":1068,"second":1040,"amount":-1},{"first":1068,"second":1044,"amount":0},{"first":1068,"second":1046,"amount":-1},{"first":1068,"second":1054,"amount":0},{"first":1068,"second":1057,"amount":0},{"first":1068,"second":1058,"amount":-5},{"first":1068,"second":1059,"amount":-3},{"first":1068,"second":1060,"amount":0},{"first":1068,"second":1061,"amount":-1},{"first":1068,"second":1063,"amount":-1},{"first":1068,"second":1066,"amount":-2},{"first":1068,"second":1069,"amount":0},{"first":1068,"second":32,"amount":-1},{"first":1069,"second":1076,"amount":-1},{"first":1069,"second":1078,"amount":0},{"first":1069,"second":1083,"amount":-1},{"first":1069,"second":1090,"amount":0},{"first":1069,"second":1091,"amount":0},{"first":1069,"second":1093,"amount":-1},{"first":1069,"second":1098,"amount":0},{"first":1069,"second":1103,"amount":0},{"first":1069,"second":1040,"amount":-1},{"first":1069,"second":1044,"amount":-1},{"first":1069,"second":1046,"amount":-1},{"first":1069,"second":1051,"amount":-1},{"first":1069,"second":1058,"amount":-2},{"first":1069,"second":1059,"amount":-2},{"first":1069,"second":1061,"amount":-1},{"first":1069,"second":1066,"amount":-1},{"first":1069,"second":1069,"amount":-1},{"first":1069,"second":46,"amount":-1},{"first":1069,"second":32,"amount":-1},{"first":1069,"second":44,"amount":-1},{"first":1070,"second":1076,"amount":-1},{"first":1070,"second":1078,"amount":0},{"first":1070,"second":1083,"amount":-1},{"first":1070,"second":1090,"amount":0},{"first":1070,"second":1091,"amount":0},{"first":1070,"second":1093,"amount":-1},{"first":1070,"second":1098,"amount":0},{"first":1070,"second":1103,"amount":0},{"first":1070,"second":1040,"amount":-1},{"first":1070,"second":1044,"amount":-1},{"first":1070,"second":1046,"amount":-1},{"first":1070,"second":1051,"amount":-1},{"first":1070,"second":1058,"amount":-2},{"first":1070,"second":1059,"amount":-2},{"first":1070,"second":1061,"amount":-1},{"first":1070,"second":1066,"amount":-1},{"first":1070,"second":1069,"amount":-1},{"first":1070,"second":46,"amount":-1},{"first":1070,"second":32,"amount":-1},{"first":1070,"second":44,"amount":-1},{"first":55,"second":97,"amount":-2},{"first":55,"second":99,"amount":-2},{"first":55,"second":101,"amount":-2},{"first":55,"second":103,"amount":-2},{"first":55,"second":109,"amount":-2},{"first":55,"second":110,"amount":-2},{"first":55,"second":111,"amount":-2},{"first":55,"second":112,"amount":-2},{"first":55,"second":113,"amount":-2},{"first":55,"second":114,"amount":-2},{"first":55,"second":115,"amount":-2},{"first":55,"second":116,"amount":-1},{"first":55,"second":117,"amount":-2},{"first":55,"second":118,"amount":-2},{"first":55,"second":119,"amount":-2},{"first":55,"second":120,"amount":-2},{"first":55,"second":121,"amount":-2},{"first":55,"second":122,"amount":-2},{"first":55,"second":65,"amount":-3},{"first":55,"second":67,"amount":-1},{"first":55,"second":71,"amount":-1},{"first":55,"second":79,"amount":-1},{"first":55,"second":81,"amount":-1},{"first":55,"second":88,"amount":-1},{"first":55,"second":89,"amount":-1},{"first":55,"second":46,"amount":-5},{"first":55,"second":32,"amount":-2},{"first":55,"second":44,"amount":-5},{"first":46,"second":116,"amount":0},{"first":46,"second":118,"amount":-1},{"first":46,"second":119,"amount":-1},{"first":46,"second":121,"amount":-1},{"first":46,"second":84,"amount":-2},{"first":46,"second":86,"amount":-3},{"first":46,"second":87,"amount":-2},{"first":46,"second":89,"amount":-3},{"first":46,"second":1072,"amount":1},{"first":46,"second":1074,"amount":1},{"first":46,"second":1075,"amount":1},{"first":46,"second":1076,"amount":1},{"first":46,"second":1079,"amount":1},{"first":46,"second":1080,"amount":1},{"first":46,"second":1081,"amount":1},{"first":46,"second":1082,"amount":1},{"first":46,"second":1083,"amount":1},{"first":46,"second":1084,"amount":1},{"first":46,"second":1085,"amount":1},{"first":46,"second":1087,"amount":1},{"first":46,"second":1088,"amount":1},{"first":46,"second":1090,"amount":-1},{"first":46,"second":1091,"amount":-1},{"first":46,"second":1094,"amount":1},{"first":46,"second":1095,"amount":-1},{"first":46,"second":1096,"amount":1},{"first":46,"second":1097,"amount":1},{"first":46,"second":1098,"amount":-1},{"first":46,"second":1099,"amount":1},{"first":46,"second":1100,"amount":1},{"first":46,"second":1101,"amount":1},{"first":46,"second":1102,"amount":1},{"first":46,"second":1103,"amount":1},{"first":46,"second":1044,"amount":1},{"first":46,"second":1051,"amount":1},{"first":46,"second":1058,"amount":-2},{"first":46,"second":1059,"amount":-1},{"first":46,"second":1063,"amount":-2},{"first":46,"second":1066,"amount":-2},{"first":46,"second":1069,"amount":1},{"first":46,"second":46,"amount":1},{"first":46,"second":32,"amount":-3},{"first":46,"second":44,"amount":1},{"first":32,"second":118,"amount":-1},{"first":32,"second":119,"amount":-1},{"first":32,"second":120,"amount":-1},{"first":32,"second":121,"amount":-1},{"first":32,"second":65,"amount":-2},{"first":32,"second":67,"amount":-1},{"first":32,"second":71,"amount":-1},{"first":32,"second":79,"amount":-1},{"first":32,"second":81,"amount":-1},{"first":32,"second":84,"amount":-2},{"first":32,"second":86,"amount":-1},{"first":32,"second":87,"amount":-1},{"first":32,"second":88,"amount":-1},{"first":32,"second":89,"amount":-1},{"first":32,"second":90,"amount":0},{"first":32,"second":1090,"amount":-1},{"first":32,"second":1091,"amount":-1},{"first":32,"second":1095,"amount":-1},{"first":32,"second":1098,"amount":-1},{"first":32,"second":1040,"amount":-2},{"first":32,"second":1044,"amount":-1},{"first":32,"second":1046,"amount":-1},{"first":32,"second":1051,"amount":-1},{"first":32,"second":1054,"amount":-1},{"first":32,"second":1057,"amount":-1},{"first":32,"second":1058,"amount":-2},{"first":32,"second":1059,"amount":-1},{"first":32,"second":1060,"amount":-1},{"first":32,"second":1061,"amount":-1},{"first":32,"second":1066,"amount":-1},{"first":32,"second":46,"amount":-3},{"first":32,"second":44,"amount":-3},{"first":44,"second":116,"amount":0},{"first":44,"second":118,"amount":-1},{"first":44,"second":119,"amount":-1},{"first":44,"second":121,"amount":-1},{"first":44,"second":84,"amount":-2},{"first":44,"second":86,"amount":-3},{"first":44,"second":87,"amount":-2},{"first":44,"second":89,"amount":-3},{"first":44,"second":1072,"amount":1},{"first":44,"second":1074,"amount":1},{"first":44,"second":1075,"amount":1},{"first":44,"second":1076,"amount":1},{"first":44,"second":1079,"amount":1},{"first":44,"second":1080,"amount":1},{"first":44,"second":1081,"amount":1},{"first":44,"second":1082,"amount":1},{"first":44,"second":1083,"amount":1},{"first":44,"second":1084,"amount":1},{"first":44,"second":1085,"amount":1},{"first":44,"second":1087,"amount":1},{"first":44,"second":1088,"amount":1},{"first":44,"second":1090,"amount":-1},{"first":44,"second":1091,"amount":-1},{"first":44,"second":1094,"amount":1},{"first":44,"second":1095,"amount":-1},{"first":44,"second":1096,"amount":1},{"first":44,"second":1097,"amount":1},{"first":44,"second":1098,"amount":-1},{"first":44,"second":1099,"amount":1},{"first":44,"second":1100,"amount":1},{"first":44,"second":1101,"amount":1},{"first":44,"second":1102,"amount":1},{"first":44,"second":1103,"amount":1},{"first":44,"second":1044,"amount":1},{"first":44,"second":1051,"amount":1},{"first":44,"second":1058,"amount":-2},{"first":44,"second":1059,"amount":-1},{"first":44,"second":1063,"amount":-2},{"first":44,"second":1066,"amount":-2},{"first":44,"second":1069,"amount":1},{"first":44,"second":46,"amount":1},{"first":44,"second":32,"amount":-3},{"first":44,"second":44,"amount":1}]}